id,course,version,ev01,ev02,ev03,ev04,ev05,ev06,ev07,ev08,ev09,ev10,mc01,mc02,mc03,mc04,mc05,mc06,mc07,mc08,mc09,mc10,mc11,mc12,mc13,mc14,mc15,mc16,mc17,mc18,mc19,mc20,mc21,mc22,mc23,mc24,mc25,ov01,ov02,ov03,ov04,ov05,ov06,ov07,ov08,ov09,ov10,ov11,ov12,ov13,ov14,ov15,ov16,ov17,ov18,ov19,ov20,ov21,ov22,ov23,ov24,ov25
1,ss,b,0,0.01,0,0.06,0,0.01,0,0.01,0.01,0,0,1,1,0,1,0,0,1,1,1,1,0,1,1,1,1,1,1,1,0,0,1,0,1,1,0,1,1,0,1,0,0,1,1,1,1,0,1,1,0,1,0,0,0,0,0,1,0,0,1
2,ss,b,0,0,0,0.04,0,0,0,0.01,0,0,0,1,1,0,1,1,1,1,1,1,1,1,0,1,0,1,0,1,1,1,0,1,1,0,1,0,0,1,0,1,0,1,1,0,1,1,0,0,0,0,0,1,1,1,0,0,1,0,0,1
3,ss,b,0,0.01,0,0.06,0,0,0,0,0,0,1,1,0,1,1,1,1,1,1,1,1,1,1,1,1,1,1,1,1,1,1,1,0,1,1,1,1,1,0,1,1,1,1,1,0,1,1,1,0,1,1,0,1,1,0,0,1,0,1,1
4,ss,b,0,0,0,0.04,0,0,0,0.01,0,0,0,1,1,1,1,1,0,1,1,1,1,1,1,1,1,1,0,1,1,0,1,1,0,0,1,0,1,1,0,1,1,0,1,1,1,1,0,0,0,0,1,0,1,0,0,1,1,0,1,1
5,ss,b,0,0.01,0,0.06,0,0,0,0.01,0,0,0,1,1,1,1,1,0,0,1,1,1,1,1,1,0,0,1,1,1,1,1,1,1,1,1,0,1,1,0,1,1,0,0,1,1,1,1,1,1,0,0,0,0,1,1,1,1,0,1,1
6,ss,b,0,0.01,0.01,0.09,0,0,0.01,0,0,0,1,1,1,1,1,1,1,1,1,1,1,1,1,1,1,1,1,1,1,1,1,1,1,1,1,1,1,1,1,1,1,1,1,1,1,1,1,1,1,0,1,0,1,1,1,1,1,1,1,1
7,ss,b,0,0.01,0,0.04,0,0,0.01,0,0,0,1,1,1,1,1,1,1,1,1,1,1,1,0,0,0,0,1,1,1,0,1,1,0,1,1,0,0,1,0,1,1,1,1,1,1,1,1,0,0,0,0,1,1,1,0,0,1,0,1,1
8,ss,b,0,0,0,0.04,0,0,0.01,0.01,0,0,0,1,1,1,1,0,0,1,1,1,1,1,1,1,1,1,1,0,0,1,0,1,0,0,1,0,0,0,0,1,0,0,1,1,1,1,1,1,1,1,1,0,0,0,0,0,1,0,0,1
9,ss,b,0,0.01,0,0.08,0,0.01,0,0,0,0,1,1,1,1,1,1,1,1,1,1,1,1,1,1,0,1,1,1,1,1,1,1,1,1,1,0,1,1,0,1,1,1,1,1,1,1,0,1,1,0,1,0,1,1,1,1,1,1,1,1
10,ss,b,0,0.01,0,0.07,0.01,0,0,0,0,0,0,1,1,0,1,0,1,1,1,1,1,1,1,1,1,1,0,1,0,1,1,1,1,1,1,0,1,1,0,1,1,1,1,1,1,1,0,1,1,1,0,0,1,1,0,1,1,0,1,1
11,ss,b,0,0.01,0,0.06,0,0,0,0.01,0,0,1,1,1,1,1,1,0,1,1,1,1,1,0,1,1,1,1,1,0,1,1,1,0,1,1,0,1,1,1,1,1,0,1,1,1,1,0,0,1,1,0,0,1,0,0,1,1,0,1,1
12,ss,b,0,0,0,0.04,0,0,0,0,0,0,1,1,1,1,0,1,0,1,1,1,0,1,0,1,0,0,1,0,1,1,1,1,0,1,1,0,1,1,0,0,0,0,1,1,0,0,0,0,0,0,0,0,0,1,0,0,1,0,1,1
13,ss,b,0,0.01,0,0.06,0,0.01,0,0,0,0,0,1,1,1,1,1,0,1,1,1,1,1,0,1,1,1,1,1,1,1,0,1,0,0,1,0,1,1,1,1,0,1,1,1,0,1,1,0,1,1,0,1,1,1,0,0,0,0,1,1
14,ss,b,0,0.01,0,0.06,0.01,0,0,0,0.01,0,0,1,0,0,1,1,0,1,1,0,0,1,1,1,0,1,0,1,1,1,0,1,0,1,1,0,1,1,0,1,1,1,1,1,1,0,1,1,1,0,0,0,1,1,0,0,1,0,1,1
15,ss,b,0,0.01,0,0.06,0,0,0,0.01,0.01,0,1,1,0,1,1,1,1,1,1,1,1,1,0,1,1,1,0,1,1,1,1,1,0,1,1,0,1,1,1,1,0,1,1,1,1,1,0,0,1,1,1,0,1,0,0,1,1,0,1,1
16,ss,b,0,0,0,0.05,0,0.01,0,0,0,0,0,1,1,0,1,0,0,1,1,1,1,1,1,1,1,1,0,1,1,1,1,1,0,1,1,0,1,1,0,1,0,0,1,1,1,1,1,1,1,1,1,0,1,0,0,1,1,0,0,1
17,ss,b,0,0.01,0,0.07,0,0,0,0.01,0,0,0,1,1,0,1,1,1,1,1,1,1,1,1,1,1,1,1,1,1,1,1,1,0,1,1,0,1,1,0,1,1,1,1,1,1,1,1,0,1,1,1,0,0,1,0,1,1,0,1,1
18,ss,b,0,0,0,0.03,0,0,0,0,0,0,1,1,1,1,1,1,1,1,1,1,0,0,0,0,1,1,0,1,0,1,1,1,1,0,1,1,0,1,0,1,1,1,1,0,1,0,0,0,1,1,0,1,0,0,1,1,1,0,0,1
19,ss,b,0,0.01,0,0.05,0,0.01,0,0.01,0,0,1,1,1,0,1,0,1,1,1,1,0,0,1,0,0,0,1,1,1,1,0,1,1,0,1,0,1,1,0,1,0,1,1,1,1,1,0,0,0,0,0,1,0,1,0,0,1,0,1,1
20,ss,b,0,0.01,0,0.07,0,0,0,0,0.01,0,1,1,1,0,1,1,1,1,1,1,1,1,0,1,1,1,1,1,1,1,1,1,0,0,1,1,1,1,0,1,1,1,1,1,1,1,1,0,1,1,0,0,1,0,0,1,1,0,0,1
21,ss,b,0,0,0,0.05,0,0,0,0,0,0,1,1,1,1,1,0,1,0,0,1,1,1,1,1,1,1,0,1,1,1,1,1,1,1,1,0,1,1,1,1,0,1,1,0,1,1,0,1,1,1,1,0,0,1,0,0,1,0,1,1
22,ss,b,0,0.01,0,0.07,0,0,0,0,0.01,0,0,1,0,0,0,1,1,1,1,1,0,1,1,0,0,1,1,1,1,1,0,1,0,1,1,0,1,0,0,1,1,1,1,1,1,0,1,1,0,0,1,1,1,1,0,0,1,0,1,1
23,ss,b,0,0,0,0.05,0,0,0.01,0,0.01,0,0,1,1,1,1,0,0,0,1,1,0,1,0,1,1,1,1,1,1,1,1,1,0,1,1,0,1,1,0,1,0,0,1,1,1,0,0,0,1,1,1,0,1,1,0,1,1,0,1,1
24,ss,b,0,0.01,0,0.05,0,0,0,0.01,0.01,0,0,1,1,0,1,0,1,1,1,1,1,1,1,0,1,1,0,1,1,1,0,0,0,1,1,0,1,1,0,1,0,0,1,1,1,1,1,0,0,1,0,0,0,0,0,0,0,0,0,0
25,ss,b,0,0.01,0,0.07,0,0.01,0,0.01,0.01,0,1,1,1,1,1,1,1,0,1,1,1,0,0,1,1,1,1,1,0,1,1,1,0,1,1,0,1,1,0,1,1,1,1,1,1,1,0,0,1,1,1,0,1,0,1,1,1,0,1,1
26,ss,b,0,0,0,0.05,0,0.01,0,0,0,0,0,1,1,1,1,0,0,1,1,1,0,1,0,1,1,1,0,0,1,1,0,0,0,0,1,0,0,1,0,1,0,1,1,1,1,0,1,0,0,1,0,0,0,0,0,0,0,0,0,1
27,ss,b,0,0,0,0.06,0,0,0,0,0,0,1,1,1,1,1,1,1,1,1,1,1,1,1,1,1,1,0,1,1,1,1,1,0,1,1,0,1,1,0,1,1,0,1,1,1,1,1,0,1,1,1,0,0,0,0,1,1,0,1,1
28,ss,b,0,0,0,0.07,0,0.01,0,0,0,0,1,1,0,1,0,0,1,1,1,1,0,0,1,1,1,1,1,1,1,1,1,1,1,1,1,0,1,1,0,0,0,1,1,1,1,0,0,1,0,1,1,0,0,1,0,1,1,0,1,1
29,ss,b,0,0,0,0.06,0,0.01,0,0.01,0,0,1,1,1,0,1,0,0,1,1,1,1,1,1,0,1,1,0,1,0,1,0,1,0,0,1,0,0,1,0,1,0,1,1,1,1,1,0,0,0,1,0,0,1,1,0,0,0,0,1,1
30,ss,b,0,0,0,0.05,0,0,0,0,0,0,1,1,0,0,1,1,1,0,1,1,0,1,1,0,1,1,0,1,1,1,0,1,0,0,1,0,1,1,0,0,1,0,0,1,1,0,1,0,0,1,0,0,0,1,0,0,1,0,0,1
31,ss,b,0,0,0,0,0,0,0,0,0,0,1,0,0,0,0,0,0,0,0,0,0,0,0,0,0,0,0,0,0,0,0,0,0,0,0,1,0,0,0,0,0,0,0,0,0,0,0,0,0,0,0,0,0,0,0,0,0,0,0,0
32,ss,b,0,0,0,0.07,0,0,0,0,0,0,1,1,1,0,1,0,1,0,1,1,1,1,1,1,0,1,1,1,1,1,0,1,0,1,1,0,1,1,0,1,1,0,1,1,1,1,0,1,1,0,1,0,1,1,0,0,1,0,1,1
33,ss,b,0,0,0,0.03,0,0,0,0,0,0,1,1,1,1,1,1,1,1,1,1,1,1,0,1,1,1,0,1,1,1,1,1,0,1,1,0,1,1,0,1,1,1,1,1,1,1,1,0,1,1,0,1,1,1,1,1,1,0,1,1
34,ss,b,0,0,0,0.05,0,0,0.01,0,0,0,0,1,1,0,1,0,1,1,1,1,0,0,1,0,1,1,0,1,1,1,1,1,0,1,1,0,0,1,0,1,0,0,1,1,1,0,0,0,0,1,0,1,0,1,0,0,0,0,1,1
35,ss,b,0,0.01,0,0.05,0,0.01,0,0.01,0,0,0,1,0,0,1,1,1,1,1,1,0,1,1,1,1,1,1,1,1,1,0,0,0,1,1,0,1,1,0,1,1,1,0,1,1,0,0,1,1,0,0,0,1,0,0,0,0,0,1,1
36,ss,b,0,0.01,0.01,0.04,0,0,0,0.01,0,0,0,0,1,0,1,1,0,0,1,1,1,0,1,0,1,1,0,1,0,1,1,1,0,0,0,0,0,1,0,1,1,0,0,1,1,1,0,1,0,1,1,0,0,0,0,0,0,0,1,0
37,ss,b,0,0,0,0.05,0,0,0.01,0.01,0,0,0,1,0,1,1,1,0,1,1,1,1,0,1,1,1,0,1,1,1,1,0,1,0,1,1,0,1,1,0,1,0,0,1,1,1,1,0,0,1,1,0,1,0,0,0,0,1,0,1,1
38,ss,b,0,0.01,0,0.05,0,0.01,0,0,0,0,0,1,0,0,1,1,0,1,1,1,1,1,0,1,1,1,1,1,1,1,1,1,1,1,1,0,0,1,0,1,1,0,1,1,1,1,1,0,1,1,0,1,0,0,0,0,0,0,0,1
39,ss,b,0,0,0,0.06,0,0.01,0,0.01,0,0,1,1,1,0,1,1,1,1,1,1,1,1,1,1,1,1,1,1,1,1,1,1,0,0,1,1,1,1,0,1,1,1,1,1,1,1,0,1,1,1,1,0,1,1,0,1,1,0,1,1
40,ss,b,0,0.01,0,0.07,0,0.01,0,0.01,0.01,0,0,1,1,1,1,1,1,1,1,1,1,1,0,0,1,1,0,1,1,1,1,1,0,0,1,0,1,1,0,1,1,1,1,1,1,1,0,0,0,1,0,0,0,1,0,0,1,0,1,1
41,ss,b,0,0,0,0.05,0,0,0,0,0,0,1,1,1,1,1,0,1,1,0,1,1,0,1,1,1,1,1,0,1,1,1,1,0,1,1,0,1,1,0,1,0,1,1,0,1,1,0,1,1,1,0,1,0,1,0,0,1,0,1,1
42,ss,b,0,0,0,0.06,0,0.01,0.01,0,0,0,0,1,1,1,1,0,1,1,1,1,1,1,1,1,1,0,0,1,1,1,1,1,0,1,1,0,1,1,1,1,0,1,1,1,1,1,0,1,1,1,0,0,1,0,0,1,1,0,1,1
43,ss,b,0,0.01,0.01,0.05,0,0,0,0.01,0,0,1,1,1,1,1,1,1,1,1,1,1,0,1,1,1,1,1,1,1,1,1,1,0,1,1,0,1,1,0,1,1,1,1,1,1,1,0,1,1,1,1,0,1,0,1,1,1,0,1,1
44,ss,b,0,0,0,0.07,0,0.01,0,0.01,0.01,0,1,1,1,1,1,1,0,0,1,1,0,1,1,1,1,1,1,1,1,1,1,1,0,1,1,0,1,1,0,1,1,0,1,1,1,0,0,1,0,1,1,0,0,1,0,1,1,0,1,1
45,ss,b,0,0,0,0.06,0,0,0,0,0,0,0,1,1,1,1,0,1,1,1,1,1,0,1,1,0,1,0,1,1,1,1,1,0,1,1,0,1,1,0,1,0,1,1,1,1,1,0,1,1,0,0,0,1,0,1,1,1,0,1,1
46,ss,b,0,0.01,0.01,0.06,0,0.01,0,0.01,0,0,0,1,1,1,1,1,1,0,1,1,1,1,1,1,0,1,1,1,1,1,1,1,1,1,1,0,1,1,1,1,1,1,1,1,1,1,1,1,1,0,1,0,1,0,0,1,1,0,1,1
47,ss,b,0,0,0,0.05,0,0,0,0.01,0,0,1,1,1,0,1,0,1,0,0,1,1,1,1,0,1,1,0,1,1,1,1,1,0,1,1,0,1,1,0,1,0,1,0,0,1,0,0,0,0,0,1,0,0,0,0,1,1,0,1,1
48,ss,b,0,0.01,0,0.07,0,0.01,0,0,0.01,0,1,1,1,1,1,0,0,1,1,1,1,1,0,1,1,1,1,1,1,1,1,1,1,1,1,0,1,1,1,1,0,1,1,1,1,1,1,0,1,1,1,0,1,1,1,1,1,1,1,1
49,ss,b,0,0,0,0.04,0,0.01,0,0.01,0,0,1,1,0,0,1,1,1,1,1,1,1,1,1,1,1,1,1,1,1,1,1,1,1,1,1,0,1,1,0,1,1,0,1,1,1,1,1,0,0,1,1,0,1,0,1,1,1,0,0,1
50,ss,b,0,0,0,0.06,0,0,0,0,0,0,0,1,1,1,1,1,1,0,1,1,1,1,1,1,1,1,0,1,1,1,1,1,1,1,1,0,1,1,0,1,0,1,1,1,1,1,1,1,1,1,1,0,0,1,0,1,1,1,1,0
51,ss,b,0,0,0,0.1,0.01,0,0,0.01,0.01,0,1,1,1,1,1,1,1,1,1,1,1,1,1,1,1,1,1,1,1,1,1,1,1,1,1,1,1,1,1,1,1,1,1,1,1,1,1,1,1,1,1,0,1,1,1,1,1,1,1,1
52,ss,b,0,0.01,0.01,0.06,0,0.01,0,0,0.01,0,0,1,1,0,1,0,1,0,1,1,1,1,0,1,1,1,1,1,1,1,1,1,0,1,1,0,1,1,0,0,0,1,1,1,1,1,1,0,1,1,1,1,1,0,0,1,1,0,0,1
53,ss,b,0,0.01,0,0.07,0,0,0,0.01,0.01,0,1,1,1,1,1,1,1,1,1,1,1,1,1,1,1,1,1,1,1,1,1,1,1,1,1,1,1,1,1,1,1,1,1,1,1,1,0,1,1,1,1,0,0,1,1,0,1,0,0,1
54,ss,b,0,0.01,0,0.06,0,0.01,0,0,0,0,1,1,1,1,1,1,1,1,1,1,0,1,0,1,1,1,0,1,1,1,0,1,1,1,1,0,1,1,0,0,1,1,1,1,1,0,1,0,0,0,0,0,0,0,0,0,1,0,1,1
55,ss,b,0,0,0,0.05,0,0,0,0,0,0,0,1,1,1,1,1,1,1,1,1,0,1,0,0,0,1,1,1,1,1,1,1,1,1,1,0,1,1,1,0,1,0,1,1,1,0,1,0,0,0,1,0,0,1,1,1,1,0,0,1
56,ss,b,0,0,0,0.05,0,0,0,0,0.01,0,1,1,1,0,0,0,0,1,1,1,1,1,1,1,1,1,0,1,1,1,1,1,0,1,1,0,1,1,0,1,0,1,1,1,1,1,1,0,1,1,0,0,0,0,1,1,1,0,1,1
57,ss,b,0,0,0,0.04,0,0,0,0.01,0,0,0,1,1,1,1,1,0,1,1,1,1,1,1,1,1,1,0,1,1,1,1,1,0,1,1,0,0,1,0,1,1,1,1,1,1,1,0,0,1,1,0,0,1,0,1,1,1,0,1,1
58,ss,b,0,0,0,0.06,0,0,0,0.01,0,0,0,1,1,1,1,0,1,1,1,1,1,1,0,1,0,1,1,1,1,1,1,0,1,1,1,0,0,1,0,1,0,1,1,1,1,0,0,0,1,0,1,0,0,1,0,1,0,0,1,1
59,ss,b,0,0.01,0.01,0.07,0,0,0,0,0,0,1,1,1,1,1,1,1,1,1,1,1,1,1,1,1,1,1,1,1,1,1,1,1,1,1,0,1,1,1,1,1,1,1,1,1,1,0,1,1,1,1,0,1,1,1,1,1,1,1,0
60,ss,b,0,0.01,0,0.06,0,0,0.01,0,0,0,1,1,1,0,1,1,1,1,1,1,1,1,0,1,1,1,1,1,1,1,1,1,0,1,1,0,1,1,0,1,1,0,1,1,1,1,0,1,1,1,1,0,1,1,1,1,1,0,1,1
61,ss,b,0,0,0,0.04,0,0,0.01,0,0,0,0,0,1,1,1,1,1,0,1,1,0,1,1,0,1,1,0,1,1,0,1,1,0,0,1,0,0,1,1,1,1,1,0,1,1,0,0,0,0,1,0,0,0,1,0,0,1,0,1,1
62,ss,b,0,0,0,0.06,0,0,0,0,0.01,0,0,1,1,1,1,1,0,1,1,1,1,1,1,0,1,1,1,1,1,1,1,1,1,1,1,0,0,1,1,1,1,0,1,1,1,1,1,1,0,1,1,0,1,1,0,1,1,0,1,1
63,ss,b,0,0.01,0,0.07,0,0,0,0,0,0,1,1,1,1,1,1,1,0,1,1,1,1,1,1,1,1,1,1,1,1,1,1,1,1,1,1,1,1,1,1,1,1,1,1,1,1,1,1,1,1,1,0,1,0,1,1,1,1,1,1
64,ss,b,0,0.01,0,0.05,0,0.01,0,0,0,0,0,1,0,0,1,0,0,1,1,1,0,1,0,0,1,1,0,1,1,1,1,1,0,0,1,0,1,1,0,1,0,0,1,1,1,1,1,0,0,1,0,0,0,1,0,1,1,0,0,1
65,ss,b,0,0,0,0.04,0,0,0,0,0,0,1,1,1,0,1,0,1,0,1,1,1,1,1,1,1,1,1,1,1,1,1,1,0,1,1,0,0,0,0,1,0,0,0,1,1,1,0,0,1,1,0,1,0,0,0,0,1,0,1,1
66,ss,b,0,0,0,0.05,0,0.01,0,0,0,0,0,1,0,1,1,1,0,0,1,1,0,1,1,0,1,1,1,1,0,1,0,1,0,1,1,0,1,1,1,1,1,0,1,1,1,0,1,1,0,1,0,1,1,0,0,0,1,0,0,1
67,ss,b,0,0,0,0.04,0,0.01,0,0,0.01,0,0,1,1,0,1,0,0,0,1,1,0,0,1,0,1,1,0,1,1,1,0,1,0,0,1,0,0,0,0,1,0,0,1,1,1,0,0,0,0,1,0,0,0,1,1,0,1,0,0,1
68,ss,b,0,0.01,0,0.06,0,0,0,0,0.01,0,0,1,1,1,1,1,1,1,1,1,1,1,1,1,0,1,1,1,1,1,1,1,1,1,1,0,1,1,0,1,1,1,1,1,1,1,0,1,1,0,0,0,1,0,1,1,1,0,1,1
69,ss,b,0,0,0,0.04,0.01,0,0,0,0,0,0,0,1,0,1,1,0,1,0,1,1,0,0,0,1,1,1,1,1,1,1,1,0,0,1,0,0,1,0,1,1,0,1,0,1,1,0,0,0,1,0,0,0,0,0,1,1,0,1,0
70,ss,b,0,0,0,0.07,0,0.01,0,0,0,0,1,1,1,1,1,0,1,0,1,1,1,1,1,1,1,1,0,1,1,0,1,1,1,1,1,0,1,1,0,1,0,0,1,0,1,1,0,1,1,1,0,0,0,0,0,1,1,0,1,1
71,ss,b,0,0,0,0.04,0,0,0,0.01,0,0,1,1,1,0,1,0,1,1,1,1,1,0,0,1,1,1,1,1,1,1,1,1,0,1,1,0,1,0,0,1,0,0,1,1,1,1,0,0,0,1,1,0,0,1,0,1,1,0,1,1
72,ss,b,0,0,0,0.06,0,0,0,0,0,0,0,1,1,1,1,1,1,1,1,1,1,1,0,1,1,0,1,1,1,1,0,1,0,1,1,0,1,1,1,1,1,1,1,1,1,1,0,0,1,1,0,0,0,1,0,0,1,0,1,1
73,ss,b,0,0,0,0.05,0,0.01,0.01,0,0.01,0,0,1,1,1,1,0,0,0,1,1,0,1,1,1,1,1,0,1,0,1,1,0,0,1,1,0,1,1,0,1,0,0,1,1,1,0,0,0,1,1,0,1,0,0,0,1,0,0,1,1
74,ss,b,0,0,0,0.04,0,0.01,0,0,0,0,0,1,1,0,1,0,1,1,1,1,0,0,1,0,1,1,1,1,1,1,1,0,1,0,0,0,0,1,0,1,0,1,1,1,1,0,0,0,0,1,0,1,1,1,0,0,0,0,0,0
75,ss,b,0,0,0,0.06,0,0,0,0,0,0,0,0,1,1,1,1,1,1,1,1,1,1,1,0,1,1,1,1,1,1,0,1,0,0,1,0,0,1,0,1,1,1,1,1,1,1,0,1,0,1,1,0,1,1,1,0,1,0,0,1
76,ss,b,0,0,0,0.05,0,0.01,0,0,0,0,0,1,1,0,1,1,1,0,1,1,1,0,1,0,1,1,0,1,1,1,1,1,0,1,1,0,0,1,0,1,0,1,0,1,1,1,0,0,0,0,1,0,0,0,0,1,1,0,1,1
77,ss,b,0,0.01,0,0.05,0,0,0,0,0,0,0,1,1,0,0,1,1,1,0,1,1,1,0,1,0,0,0,1,1,0,0,1,0,1,1,0,0,1,0,0,1,0,1,0,1,1,1,0,0,0,0,0,1,1,0,0,1,0,1,0
78,ss,b,0,0,0,0.05,0,0,0.01,0.01,0,0,1,1,1,1,1,0,1,1,1,1,0,1,1,1,1,1,1,1,1,1,1,0,0,1,1,0,1,1,0,1,0,1,1,1,1,0,1,0,1,1,1,0,0,0,0,1,0,0,1,1
79,ss,b,0,0.01,0.01,0.07,0,0,0,0,0,0,0,1,1,0,1,1,1,1,1,1,0,0,0,1,0,1,1,1,1,1,0,1,0,1,1,0,1,1,0,1,1,1,1,1,1,0,0,0,1,0,1,1,0,1,0,0,1,0,0,1
80,ss,b,0,0,0,0.05,0,0,0,0,0,0,0,1,1,1,1,0,1,1,1,1,1,1,0,1,1,1,1,1,1,1,1,1,1,1,1,0,1,1,1,1,0,1,1,1,1,1,1,0,1,1,1,0,1,1,0,1,1,0,1,1
81,ss,b,0,0,0,0.05,0,0,0,0,0.01,0,1,1,1,0,1,1,0,1,1,1,1,1,1,1,0,1,0,1,1,1,1,1,0,1,1,0,1,1,0,1,1,1,1,1,1,1,0,1,1,0,0,0,0,0,0,1,1,0,1,1
82,ss,b,0,0.01,0,0.06,0.01,0,0,0,0,0,1,1,1,0,1,0,0,1,1,1,1,0,1,1,1,1,1,1,1,0,1,1,0,0,1,1,1,1,0,1,0,0,1,1,1,1,0,0,1,1,0,0,0,1,0,1,1,0,0,1
83,ss,b,0.01,0.01,0,0.05,0,0,0.01,0,0,0,1,1,1,0,1,1,1,0,1,1,0,1,0,1,1,0,1,1,1,1,1,1,0,1,1,0,0,1,0,1,1,1,0,1,0,0,0,0,1,1,0,0,0,1,0,1,0,0,1,1
84,ss,b,0.01,0,0,0.05,0,0.01,0,0.01,0,0,0,0,0,0,1,0,1,0,1,1,1,1,1,1,1,0,1,0,0,1,1,1,1,0,1,0,0,1,0,0,0,1,0,1,1,0,0,0,1,1,0,0,0,0,0,1,1,0,0,1
85,ss,b,0.01,0,0,0.05,0,0.01,0.01,0.01,0.01,0,0,1,1,0,1,0,1,0,1,1,1,1,1,1,1,1,1,1,0,1,1,1,0,0,1,1,1,1,0,1,0,1,1,0,1,1,0,1,1,1,0,0,0,0,1,1,1,0,0,1
86,ss,b,0.01,0,0,0.03,0,0,0,0,0,0,0,1,0,0,1,1,0,1,1,1,0,1,1,0,1,1,1,0,1,0,1,0,0,1,1,0,0,1,0,1,1,1,1,1,0,0,0,0,0,1,0,0,0,0,0,0,0,0,0,1
87,ss,b,0.01,0.01,0,0.04,0,0,0,0,0,0,0,1,0,1,1,1,1,1,1,1,0,1,1,1,1,1,0,1,1,1,1,1,1,1,1,0,0,1,0,1,1,1,1,1,1,0,1,1,0,1,0,0,1,1,1,1,1,0,1,1
88,ss,b,0.01,0.01,0,0.04,0,0,0,0,0,0,0,0,0,0,1,0,1,0,1,1,0,1,0,1,0,1,0,1,1,0,1,1,0,1,1,0,0,1,0,1,1,1,1,1,1,0,0,0,1,0,0,0,0,1,0,1,0,0,0,1
89,ss,b,0.01,0,0,0.06,0,0.01,0,0.01,0,0,0,1,0,0,1,0,1,1,1,1,0,0,0,1,1,0,0,1,1,1,0,1,0,1,1,0,1,0,0,1,0,1,1,1,1,0,0,1,0,1,0,0,1,1,0,0,1,0,1,1
90,ss,b,0.01,0,0,0.06,0,0.01,0,0.01,0,0,0,1,1,1,1,1,1,1,1,1,0,1,1,1,1,1,0,1,1,1,1,1,1,0,1,0,1,1,1,1,1,1,1,1,1,0,1,1,1,1,1,0,1,0,0,1,1,1,0,1
91,ss,b,0.01,0,0,0.07,0,0,0.01,0,0,0,1,1,1,1,1,1,1,1,1,1,1,1,1,1,1,1,1,1,1,1,1,1,1,1,1,0,1,1,1,1,1,1,1,1,1,1,1,0,1,1,1,0,1,1,0,1,1,0,1,1
92,ss,b,0.01,0.01,0,0.06,0.01,0,0,0,0,0,1,1,1,0,1,1,1,1,1,1,1,1,1,1,1,1,1,1,1,1,1,1,0,1,1,0,1,1,0,1,1,1,1,1,1,1,0,1,1,0,0,0,0,1,1,1,1,0,1,1
93,ss,b,0.01,0.01,0,0.04,0,0.01,0,0.01,0.01,0,1,1,1,1,1,0,0,0,1,1,0,1,0,1,1,1,0,1,1,1,1,1,0,0,1,0,0,1,1,1,0,0,1,1,1,0,1,0,1,1,1,0,0,1,0,1,1,0,0,1
94,ss,b,0.01,0,0,0.03,0,0,0,0,0,0,1,1,0,0,1,0,0,1,1,1,0,1,1,1,1,1,1,1,1,0,0,1,0,0,0,0,1,0,0,1,0,0,1,1,1,0,0,0,1,1,0,0,0,0,0,0,1,0,0,0
95,ss,b,0.01,0,0,0.05,0,0.01,0,0,0,0,1,1,1,0,1,1,1,1,1,1,1,1,1,1,0,1,1,1,1,1,0,1,0,0,1,0,0,1,0,1,0,1,1,1,1,1,1,1,1,0,0,1,0,0,1,0,1,0,0,1
96,ss,b,0.01,0,0,0.05,0,0.01,0.01,0,0,0,0,1,1,0,1,1,0,1,1,1,1,1,1,0,0,1,1,1,1,0,0,1,0,0,1,0,1,1,0,1,1,1,1,1,1,1,1,1,0,0,0,0,1,1,0,0,1,0,1,1
97,ss,b,0.01,0,0,0.03,0,0.01,0,0.01,0,0,0,1,1,0,1,0,1,1,1,1,0,1,1,1,0,0,0,1,1,1,1,1,0,1,1,0,0,1,0,1,0,0,1,1,1,0,0,1,1,0,0,0,0,1,0,1,1,0,1,1
98,ss,b,0.01,0,0,0.06,0,0,0.01,0,0.01,0,1,1,1,1,1,0,0,1,1,1,0,0,1,0,1,1,1,1,1,1,1,1,1,1,1,0,1,1,1,1,0,1,1,1,1,0,0,0,0,1,1,0,1,1,1,1,1,0,1,1
99,ss,b,0.01,0,0,0.04,0,0.01,0,0.01,0,0,1,1,1,1,1,1,1,0,1,1,1,1,0,1,1,1,1,1,1,1,1,1,0,1,1,0,0,1,0,1,1,0,1,1,1,1,1,0,1,1,0,0,0,1,0,1,1,0,1,1
100,ss,b,0.01,0.01,0.01,0.07,0,0.01,0,0.01,0,0,1,1,1,1,1,1,1,0,1,1,1,1,0,1,0,1,1,1,0,1,1,1,0,1,1,0,1,1,1,1,0,1,1,1,0,1,0,0,1,1,1,0,1,0,1,1,1,0,1,1
101,ss,b,0.01,0.01,0.01,0.03,0.01,0.01,0.01,0.01,0.01,0,0,1,0,1,1,1,0,0,0,1,0,1,1,1,1,1,1,1,1,0,0,1,0,0,1,0,0,1,0,1,1,0,0,0,1,0,0,0,0,0,1,0,0,0,0,0,0,0,0,1
102,ss,b,0.01,0,0,0.06,0,0.01,0,0,0,0,1,1,1,1,1,1,1,1,1,1,0,0,1,0,1,1,0,1,1,0,0,1,0,0,1,0,1,0,0,1,1,1,0,1,1,0,0,0,0,1,0,0,0,1,0,0,0,0,1,0
103,ss,a,0.01,0.01,0.05,0,0.01,0.01,0.01,0.01,0.01,0,1,1,1,1,1,0,1,1,1,1,1,1,0,1,1,1,1,0,0,1,1,1,0,1,1,1,1,1,1,1,0,1,1,1,0,1,1,0,0,1,1,1,1,0,1,1,1,0,1,1
104,ss,b,0.01,0.01,0,0.06,0,0,0,0.01,0,0,0,1,1,1,1,0,1,1,1,1,1,1,1,1,1,1,0,1,1,1,1,1,1,1,1,0,1,1,1,1,0,1,1,1,1,1,0,1,0,1,1,0,0,1,0,1,1,0,1,1
105,ss,b,0.01,0,0,0.04,0,0.01,0,0.01,0.01,0,0,1,1,1,1,0,1,1,1,1,0,1,0,1,1,1,1,1,1,1,1,1,0,0,1,0,0,1,0,1,0,0,1,1,1,0,0,0,0,1,1,1,0,1,0,1,0,0,1,1
106,ss,b,0.01,0,0,0.04,0,0,0.01,0,0,0,0,1,1,0,1,1,0,0,1,1,1,0,0,0,1,1,0,1,1,1,1,0,0,0,0,1,1,1,0,1,1,1,0,1,1,1,0,0,0,1,0,1,0,1,0,0,0,0,0,0
107,ss,b,0.01,0,0,0.04,0,0,0,0.01,0,0,1,1,1,1,1,0,1,0,1,1,0,1,0,0,1,0,1,1,1,1,0,1,0,0,1,1,0,1,0,1,0,1,0,1,1,0,0,0,0,1,0,0,0,1,0,0,1,0,1,0
108,ss,b,0.01,0,0,0.04,0,0,0.01,0,0,0,1,1,0,0,1,0,1,0,1,1,1,1,1,1,1,1,0,1,1,0,0,1,1,0,0,0,1,0,0,1,1,1,0,1,1,1,1,1,0,0,1,0,1,0,0,0,1,0,0,0
109,ss,b,0.01,0.01,0,0.04,0,0,0,0.01,0,0,0,1,0,1,1,1,0,0,1,0,1,0,0,1,1,0,1,1,1,1,0,1,0,0,1,0,0,1,0,1,1,0,0,1,0,1,0,0,0,1,0,0,0,0,0,0,1,0,0,1
110,ss,b,0.01,0,0,0.06,0,0,0,0,0,0,1,1,1,1,1,1,0,1,1,1,1,1,1,1,1,1,1,1,1,1,1,1,1,1,1,0,1,1,1,1,1,0,1,0,1,1,0,0,1,1,1,1,1,0,0,0,1,0,1,1
111,ss,b,0.01,0,0,0.06,0,0.01,0,0.01,0,0,0,1,1,0,1,0,1,1,1,1,0,1,1,1,1,1,1,1,0,1,1,1,0,1,0,0,1,1,0,1,0,0,1,1,1,0,0,0,0,1,0,0,0,0,0,1,1,0,1,0
112,ss,b,0.01,0,0,0.1,0,0.01,0,0,0.01,0,1,1,1,1,1,0,0,0,1,1,0,0,0,0,0,1,1,0,1,1,0,0,1,0,1,0,0,1,1,1,0,0,0,1,1,0,0,0,0,0,0,0,0,1,0,0,0,1,0,0
113,ss,b,0.01,0,0,0.06,0,0.01,0,0.01,0,0,0,1,1,0,1,1,1,1,1,1,1,1,0,1,1,0,1,1,1,1,0,1,1,1,1,0,0,1,0,1,1,1,1,1,1,1,0,0,1,1,0,1,0,0,0,0,1,0,0,1
114,ss,a,0.02,0.02,0.04,0,0.02,0.04,0.04,0.03,0.03,0,1,0,1,1,1,1,0,0,1,1,0,1,0,1,0,1,1,0,1,1,1,1,1,0,1,1,1,1,1,1,1,1,0,1,1,0,1,0,1,0,1,1,1,1,1,1,1,1,1,1
115,ss,a,0.02,0.02,0.03,0.08,0.01,0.04,0.02,0.04,0.02,0,1,1,1,1,1,1,1,0,1,1,1,1,1,1,1,1,1,0,1,1,1,1,1,1,1,1,1,1,1,1,1,1,0,1,1,1,1,1,1,1,1,1,1,1,1,1,1,0,1,1
116,ss,a,0.02,0.02,0.04,0.06,0.01,0.03,0.04,0.02,0.02,0,0,0,1,0,1,0,0,0,1,1,1,1,0,1,1,1,1,1,1,1,1,1,0,1,1,1,1,1,0,1,0,0,0,1,1,1,1,1,1,1,1,1,1,1,1,1,1,0,1,1
117,ss,a,0.02,0.01,0.05,0.03,0.01,0.02,0.02,0.02,0.01,0,0,1,1,1,1,0,1,0,1,1,1,1,0,1,0,1,0,0,0,1,0,1,0,0,0,0,1,0,1,1,0,1,0,1,1,1,1,0,1,0,1,0,1,1,1,0,1,0,0,0
118,ss,a,0.02,0.03,0.04,0,0.03,0.04,0.03,0.04,0.03,0,1,1,1,1,1,0,1,0,1,1,0,1,1,1,1,1,1,0,0,1,1,1,0,1,1,1,1,1,1,1,0,1,1,1,1,1,1,1,1,1,1,1,1,1,1,1,1,1,1,1
119,ss,a,0.02,0.01,0.05,0,0.01,0.01,0.05,0.03,0.01,0,0,1,1,0,1,0,1,1,1,1,0,1,1,0,0,0,0,0,0,1,0,1,0,0,1,1,1,0,0,1,0,1,1,1,1,0,0,0,1,0,0,0,1,1,1,1,1,1,1,1
120,ss,a,0.02,0.03,0.03,0.06,0.01,0.04,0.04,0.03,0.03,0,1,1,1,1,1,1,1,0,1,1,1,1,1,1,0,1,0,1,1,1,1,0,0,0,1,1,1,1,1,1,1,1,0,1,1,1,1,1,1,0,1,1,1,1,1,1,0,0,0,1
121,ss,a,0.02,0.03,0.04,0,0.02,0.03,0.02,0.03,0.03,0,1,1,1,1,1,1,0,1,1,1,1,1,0,1,1,1,1,1,1,1,1,1,0,0,1,1,1,1,1,1,1,0,1,1,1,1,1,0,1,1,1,1,1,1,0,1,1,0,0,1
122,ss,a,0.02,0.04,0.03,0.07,0.03,0.04,0.04,0.04,0.03,0,1,1,0,0,1,1,0,0,1,1,1,1,1,1,1,1,1,1,1,1,1,1,1,0,1,0,1,0,0,1,1,0,0,1,1,1,1,1,1,1,1,1,1,1,1,1,1,1,1,1
123,ss,a,0.02,0.02,0.04,0.04,0.01,0.02,0.03,0.02,0.01,0,0,1,1,0,1,1,0,1,1,1,1,1,0,1,1,1,0,0,1,1,1,1,0,1,1,0,1,1,0,1,1,0,1,1,1,1,1,0,1,1,1,0,1,1,1,1,1,1,1,1
124,ss,a,0.03,0.03,0.04,0,0.01,0.02,0.04,0.02,0.01,0,0,1,1,0,1,1,0,0,1,1,1,1,1,1,0,1,1,1,1,1,1,1,0,1,1,0,1,1,0,1,1,0,0,1,1,1,1,1,0,1,1,1,1,1,1,1,1,0,1,1
125,ss,a,0.03,0.02,0.05,0.05,0.01,0.03,0.03,0.02,0.01,0,0,0,0,0,1,1,1,0,1,1,1,1,1,0,1,1,1,1,1,1,1,1,1,1,1,1,1,0,0,1,1,1,0,1,1,1,1,1,0,1,0,0,1,1,1,1,1,1,1,1
126,ss,a,0.03,0.03,0.05,0.05,0.01,0.03,0.03,0.03,0.01,0,0,1,1,0,1,1,0,1,1,1,0,1,1,0,0,1,0,0,1,1,1,1,0,0,1,0,0,1,0,1,1,0,0,1,1,1,1,1,0,0,1,0,1,1,1,0,1,0,0,1
127,ss,a,0.03,0.02,0.04,0.06,0.01,0.03,0.03,0.02,0.01,0,1,1,1,0,1,1,1,1,1,1,1,1,1,0,0,1,0,0,1,1,1,0,0,0,1,1,1,1,0,1,1,1,0,1,0,1,1,0,0,1,1,0,1,0,0,0,0,0,0,1
128,ss,a,0.03,0.03,0.04,0.04,0.01,0.02,0.05,0.01,0.01,0,1,1,1,0,1,1,1,1,1,1,0,1,0,1,0,1,0,1,1,1,1,1,0,1,1,0,1,1,0,1,1,1,1,1,1,0,1,0,0,0,1,0,0,1,1,1,1,0,1,1
129,ss,a,0.03,0.03,0.02,0.07,0.02,0.04,0.02,0.04,0.02,0,1,1,1,1,1,1,1,1,1,1,1,1,0,1,1,1,1,0,1,1,1,1,1,1,1,1,1,1,1,1,1,1,1,1,1,1,1,0,1,1,1,1,1,1,1,1,1,1,1,1
130,ss,a,0.03,0.02,0.04,0.06,0.01,0.02,0.02,0.02,0.02,0,0,1,1,1,1,0,0,0,1,1,1,1,1,1,1,1,0,1,0,1,1,1,0,1,1,0,1,1,1,1,0,0,0,1,0,1,1,1,1,1,1,0,1,1,1,1,1,0,1,1
131,ss,a,0.03,0.01,0.05,0.05,0.01,0.02,0.04,0.03,0.02,0,0,1,1,0,1,0,1,1,1,1,1,1,1,0,1,1,1,0,1,1,1,0,0,0,1,1,1,1,1,1,0,1,1,1,1,1,0,0,0,1,1,1,0,0,0,0,0,0,0,1
132,ss,a,0.03,0.02,0.04,0.05,0.03,0.04,0.03,0.04,0.04,0,0,1,1,0,1,0,0,1,1,1,1,1,1,0,1,0,0,0,0,1,0,1,0,0,1,0,0,1,0,1,1,0,1,1,1,0,1,1,0,1,0,0,1,1,0,0,1,0,0,1
133,ss,a,0.03,0.02,0.05,0,0.01,0.03,0.03,0.03,0.02,0,0,1,1,1,1,1,0,0,1,1,0,1,1,1,1,1,1,1,1,1,1,1,0,0,1,0,1,1,1,0,1,0,0,1,1,0,1,1,1,1,1,1,1,1,0,1,1,0,1,1
134,ss,a,0.03,0.03,0.04,0,0.01,0.04,0.04,0.04,0.02,0,1,1,0,1,1,0,1,1,1,1,0,0,1,1,1,1,1,1,1,1,1,1,0,0,1,1,1,1,1,1,0,1,1,1,0,0,0,1,1,1,1,0,1,1,1,1,1,0,1,1
135,ss,a,0.03,0.03,0.02,0.06,0.01,0.01,0.02,0.01,0.01,0,1,1,1,1,1,1,1,0,1,1,0,1,1,0,1,1,0,1,1,1,1,1,0,1,1,1,1,1,1,1,0,1,0,1,1,1,1,1,0,1,1,0,1,1,1,1,1,0,1,1
136,ss,a,0.03,0.01,0.04,0.05,0.01,0.03,0.05,0.02,0.01,0,0,0,1,0,1,0,1,0,1,1,0,1,0,1,1,0,1,0,1,1,1,1,0,1,1,0,0,1,0,1,0,1,0,1,0,1,1,1,1,1,0,1,1,1,1,1,1,0,0,1
137,ss,a,0.03,0.02,0.05,0.06,0.02,0.03,0.04,0.03,0.02,0,1,1,1,1,1,0,1,0,1,1,1,0,1,1,0,1,1,0,1,1,1,1,0,1,1,0,1,1,1,1,0,1,0,1,1,1,0,1,1,0,1,0,1,1,1,1,1,0,1,1
138,ss,a,0.03,0.02,0.04,0,0.02,0.04,0.04,0.03,0.04,0,0,1,1,1,1,0,1,1,1,1,1,1,1,1,1,1,1,0,1,1,1,1,0,0,1,0,1,1,1,1,0,1,1,1,1,1,1,1,1,1,0,1,1,1,1,1,1,0,0,1
139,ss,a,0.03,0.01,0.05,0.06,0.01,0.03,0.04,0.02,0.02,0,1,1,0,1,1,0,0,1,1,1,1,0,0,1,1,1,1,1,1,1,1,1,0,1,1,1,1,1,1,1,1,0,1,1,0,1,0,0,1,1,1,1,1,1,1,1,1,0,1,1
140,ss,a,0.03,0.03,0.04,0.06,0.03,0.04,0.03,0.03,0.03,0,1,1,1,0,1,1,0,1,1,1,1,0,1,1,1,1,1,0,0,1,0,1,0,1,1,1,0,0,0,1,1,0,1,1,1,1,0,1,1,1,1,0,1,1,0,0,1,0,1,1
141,ss,a,0.03,0.03,0.03,0.07,0.01,0.04,0.04,0.03,0.03,0,1,0,1,0,1,0,0,1,1,1,1,1,1,1,1,1,0,1,1,1,0,1,0,1,1,0,1,1,0,1,0,0,1,1,1,1,1,1,1,1,1,1,1,0,1,0,1,0,1,1
142,ss,a,0.03,0.03,0.04,0.04,0.02,0.04,0.02,0.03,0.03,0,0,0,0,0,1,0,1,0,1,0,0,0,1,0,0,1,1,0,1,1,1,1,0,1,1,0,0,1,0,1,0,1,0,1,0,0,0,1,0,0,1,0,1,1,0,1,1,0,1,1
143,ss,a,0.03,0.02,0.05,0.05,0.01,0.03,0.01,0.03,0.01,0,1,1,1,1,1,1,0,0,1,1,0,0,1,1,0,1,1,1,0,1,0,1,0,0,1,1,1,1,1,1,1,0,1,0,1,0,0,1,1,0,1,1,1,1,0,0,1,0,0,1
144,ss,a,0.03,0.03,0.04,0,0.02,0.04,0.02,0.04,0.03,0,1,1,1,0,1,1,1,1,1,1,1,1,1,1,1,1,1,1,1,1,1,1,0,1,1,1,1,1,0,1,1,1,1,1,0,1,1,1,1,1,1,1,1,1,1,1,1,1,1,1
145,ss,a,0.03,0.03,0.04,0.06,0.01,0.01,0.04,0.02,0.01,0,1,1,1,0,1,0,1,1,1,1,1,1,1,1,1,1,1,1,1,1,1,0,0,1,1,1,1,1,0,1,0,1,1,1,1,1,1,1,1,1,1,0,1,1,1,1,0,0,1,1
146,ss,a,0.03,0.02,0.04,0,0.01,0.02,0.04,0.02,0.02,0,0,0,1,1,1,1,1,0,1,1,1,1,1,0,0,0,1,0,0,0,1,1,0,0,1,1,1,1,1,1,1,1,0,1,1,1,1,1,0,0,0,1,0,1,1,1,1,0,0,1
147,ss,a,0.03,0.02,0.05,0.04,0.01,0.03,0.03,0.03,0.03,0,0,1,1,1,1,1,1,0,1,1,1,0,1,1,1,1,1,0,1,1,1,1,0,0,1,1,1,1,1,1,0,1,0,1,1,1,0,1,1,1,1,1,1,1,1,1,1,0,1,1
148,ss,a,0.03,0.01,0.05,0.03,0.01,0.03,0.02,0.03,0.01,0,0,1,0,1,1,1,0,0,1,1,1,0,1,1,0,1,1,1,1,1,1,1,0,1,1,1,1,0,0,1,1,0,0,1,1,1,0,1,0,0,0,0,1,1,1,1,1,0,0,1
149,ss,a,0.03,0.01,0.05,0.06,0.01,0.01,0.03,0.02,0.01,0,1,1,0,1,1,0,0,0,1,0,1,0,1,1,0,1,1,1,1,1,0,1,0,1,1,1,1,0,0,1,0,0,0,1,0,1,0,1,1,0,1,1,1,1,1,0,1,0,1,1
150,ss,a,0.03,0.03,0.04,0.05,0.01,0.02,0.03,0.02,0.03,0,0,1,1,1,1,1,1,1,1,1,1,1,1,0,1,1,0,0,1,1,1,1,0,0,1,1,1,1,1,1,1,1,1,1,1,1,1,1,1,1,1,0,1,1,1,1,1,0,1,1
151,ss,a,0.03,0.01,0.05,0.03,0.01,0.03,0.02,0.03,0.02,0,1,1,0,0,0,1,0,0,1,1,0,0,0,1,1,1,0,0,1,1,1,1,0,0,1,1,1,1,0,0,1,0,1,1,1,0,0,0,1,1,1,1,0,0,1,1,1,0,0,1
152,ss,a,0.03,0.02,0.04,0.05,0.01,0.02,0.04,0.03,0.01,0,0,0,1,0,1,0,0,1,1,1,1,1,0,1,1,1,0,1,1,1,1,0,0,1,1,1,1,1,0,1,0,0,1,1,1,1,1,0,0,1,1,0,0,1,0,1,0,0,1,1
153,ss,a,0.03,0.03,0.02,0.07,0.01,0.04,0.02,0.04,0.03,0,1,1,0,1,1,1,1,0,1,1,1,1,0,1,1,1,1,1,1,0,1,1,0,1,1,1,1,1,1,1,1,1,0,1,1,1,1,0,1,1,1,1,1,1,1,1,1,1,1,1
154,ss,a,0.03,0.02,0.05,0.04,0.01,0.02,0.01,0.03,0.01,0,0,1,1,1,1,0,0,1,1,1,0,1,1,0,0,1,0,1,1,1,1,1,1,0,1,0,1,1,1,1,0,0,1,1,1,0,1,1,0,0,1,0,1,0,0,1,1,1,0,1
155,ss,a,0.03,0.02,0.04,0.06,0.02,0.02,0.02,0.02,0.02,0,0,1,1,1,1,1,0,1,1,1,1,1,0,1,1,1,1,0,1,1,1,1,0,1,1,0,1,1,1,1,1,0,1,1,1,1,1,0,1,1,1,1,1,1,1,1,1,0,1,1
156,ss,a,0.03,0.02,0.04,0.06,0.01,0.02,0.03,0.02,0.02,0,1,1,1,0,1,0,1,0,1,1,1,1,0,1,1,1,1,1,1,1,1,1,0,1,1,0,1,1,0,1,0,1,0,1,1,1,1,1,1,1,1,1,1,1,1,1,1,0,1,1
157,ss,a,0.04,0.01,0.05,0.05,0.01,0.03,0.05,0.03,0.02,0,0,0,1,0,1,1,1,1,1,1,1,1,0,1,0,1,0,1,1,1,1,1,0,1,1,0,1,1,0,1,1,1,1,1,1,1,1,0,1,0,1,0,1,1,1,1,1,1,0,1
158,ss,a,0.04,0.03,0.04,0.05,0.02,0.04,0.04,0.03,0.03,0,0,1,1,0,1,0,0,1,1,1,0,1,0,0,1,1,0,0,1,1,1,1,0,1,1,1,1,1,0,1,0,0,1,1,1,0,1,0,0,1,1,0,1,1,1,1,1,0,1,1
159,ss,a,0.04,0.02,0.04,0.05,0.03,0.02,0.02,0.02,0.02,0,1,1,1,0,1,1,1,1,1,1,0,0,1,1,1,1,1,0,1,0,0,1,0,0,1,1,0,1,0,1,1,1,0,1,1,0,0,0,1,1,1,0,1,0,0,0,1,0,1,1
160,ss,a,0.04,0.02,0.04,0.05,0.03,0.05,0.02,0.04,0.04,0,1,1,1,0,1,0,1,0,1,1,0,0,0,1,1,1,0,1,1,1,1,1,0,1,1,0,1,1,0,1,0,1,0,1,1,0,0,0,1,1,1,1,1,1,1,1,1,0,1,1
161,ss,a,0.04,0.04,0.02,0.09,0.02,0.03,0.01,0.03,0.02,0,1,1,1,1,1,0,1,0,1,1,1,1,0,1,1,1,1,1,0,1,1,1,1,1,1,1,1,1,1,1,0,1,1,1,1,1,1,0,1,1,1,1,1,1,1,1,1,1,1,1
162,ss,a,0.04,0.02,0.03,0,0.02,0.04,0.04,0.04,0.04,0,0,1,1,1,1,0,1,1,1,1,0,0,1,1,1,1,1,1,1,1,1,1,0,1,1,1,1,1,1,1,0,1,1,1,1,0,0,1,1,1,1,0,1,1,1,1,1,0,1,1
163,ss,a,0.04,0.02,0.05,0.03,0.02,0.03,0.04,0.04,0.03,0,0,1,1,0,1,1,0,0,1,1,0,1,1,1,0,1,0,0,1,1,1,1,0,0,1,1,1,1,0,1,1,0,0,1,1,0,1,0,1,1,1,1,1,0,1,1,0,0,0,1
164,ss,a,0.04,0.02,0.04,0,0.01,0.03,0.04,0.04,0.03,0,1,0,1,0,1,0,1,0,1,1,1,1,0,1,1,0,1,0,0,1,1,1,0,1,0,1,1,1,0,1,0,1,0,1,1,1,0,0,0,1,0,0,0,1,0,0,1,0,1,0
165,ss,a,0.04,0.02,0.04,0.05,0.01,0.03,0.04,0.03,0.02,0,1,1,0,0,1,1,0,0,1,1,1,1,1,1,0,1,1,1,1,0,1,1,0,0,1,1,1,1,0,1,1,0,0,1,1,1,1,1,1,0,1,1,1,1,1,1,1,0,0,1
166,ss,a,0.04,0.03,0.04,0.05,0.01,0.02,0.04,0.02,0.02,0,0,1,1,1,1,1,0,1,1,1,1,0,0,0,1,1,0,0,1,1,0,1,0,1,1,1,1,1,1,1,0,0,1,1,0,1,1,0,0,1,1,1,1,1,0,0,1,0,1,1
167,ss,a,0.04,0.01,0.04,0.06,0.01,0.03,0.04,0.03,0.03,0,1,1,1,1,1,1,1,0,1,1,1,1,0,1,1,0,1,1,0,1,1,1,0,1,1,1,1,1,1,1,1,1,0,1,1,1,1,0,0,1,0,1,1,1,0,1,1,1,1,1
168,ss,a,0.04,0.03,0.04,0.06,0.01,0.03,0.02,0.03,0.02,0,1,1,0,1,1,0,1,0,1,1,1,1,0,1,1,1,0,1,1,1,1,1,1,1,1,1,1,1,1,1,0,1,0,1,1,1,1,0,1,1,1,0,1,0,1,1,1,0,1,1
169,ss,a,0.04,0.01,0.05,0.04,0.01,0.02,0.04,0.02,0.02,0,0,0,0,1,1,0,1,0,1,1,0,1,1,0,0,1,1,0,1,1,1,1,0,1,1,1,1,0,1,1,0,1,0,1,1,0,1,1,0,0,1,1,1,0,1,1,1,0,1,1
170,ss,a,0.04,0.03,0.04,0.04,0.01,0.04,0.02,0.03,0.02,0,1,1,0,0,1,1,0,1,1,0,1,0,1,0,0,1,0,0,0,1,0,0,0,0,0,1,1,0,1,1,1,0,1,1,0,0,0,0,0,0,0,0,0,0,0,0,1,0,0,1
171,ss,a,0.04,0.03,0.02,0,0.02,0.04,0.02,0.04,0.02,0,1,1,1,1,1,1,1,1,1,1,1,1,0,1,0,1,1,0,1,1,1,1,0,1,1,0,0,1,1,1,1,1,1,1,1,1,1,0,1,0,1,1,1,1,1,1,1,0,1,1
172,ss,a,0.04,0.02,0.04,0.04,0.01,0.02,0.02,0.01,0.01,0,1,1,1,0,1,0,0,1,0,1,0,0,1,0,0,1,0,0,1,1,0,1,0,1,1,1,1,0,0,1,0,0,1,0,1,1,0,1,0,0,1,1,1,1,0,0,1,0,1,1
173,ss,a,0.04,0.03,0.04,0.06,0.02,0.04,0.02,0.04,0.02,0,0,1,1,1,1,1,1,1,1,1,0,1,0,1,1,1,1,1,1,1,1,1,1,1,1,1,1,1,1,1,1,1,1,1,1,0,1,1,1,1,1,1,1,1,1,1,1,0,1,1
174,ss,a,0.04,0.03,0.04,0.06,0.02,0.04,0.04,0.04,0.03,0,1,0,1,1,1,1,1,1,1,1,0,1,1,1,1,1,1,1,1,1,0,1,0,1,1,1,0,0,1,1,1,1,1,1,1,1,1,1,1,1,1,0,1,1,1,0,1,1,1,1
175,ss,a,0.04,0.02,0.05,0.06,0.01,0.03,0.04,0.02,0.02,0,0,1,1,0,0,1,1,1,1,1,1,1,0,1,1,1,0,0,1,1,1,1,0,1,1,0,1,1,0,0,1,1,1,1,1,1,1,1,1,1,1,1,1,1,1,1,1,0,1,1
176,ss,a,0.04,0.03,0.03,0.06,0.01,0.03,0.03,0.02,0.01,0,0,1,0,0,1,0,1,1,1,1,1,0,1,1,0,1,0,0,1,1,1,1,0,1,0,1,1,0,0,1,0,1,1,1,1,1,1,1,1,0,1,0,1,1,0,1,1,0,1,0
177,ss,a,0.04,0.02,0.05,0,0.01,0.04,0.04,0.04,0.01,0,1,1,1,0,1,0,1,1,1,1,1,1,1,1,0,1,1,0,1,1,1,1,0,1,1,0,0,1,0,1,0,1,1,1,1,1,1,1,1,0,1,1,1,1,1,1,1,1,1,1
178,ss,a,0.04,0.03,0.03,0.05,0.03,0.03,0.02,0.03,0.03,0,0,0,1,0,1,0,0,0,1,1,0,0,0,0,1,1,0,0,1,0,1,1,0,1,1,1,1,0,0,1,0,0,0,1,1,0,0,0,0,1,1,0,0,1,1,1,1,0,1,1
179,ss,a,0.04,0.03,0.05,0.06,0.01,0.03,0.05,0.03,0.03,0,1,1,1,1,1,0,0,1,1,1,1,1,0,1,1,0,1,0,1,1,1,1,0,0,1,1,1,1,1,1,0,0,1,1,1,1,1,1,1,1,0,1,1,1,1,1,1,0,1,1
180,ss,a,0.04,0.02,0.04,0.04,0.01,0.02,0.03,0.02,0.02,0,0,1,1,0,1,1,0,1,1,1,1,1,0,0,1,1,0,0,0,1,0,1,0,1,1,0,1,1,0,1,1,0,1,1,1,1,1,0,0,1,1,1,1,0,0,0,1,0,0,1
181,ss,a,0.04,0.02,0.05,0.04,0.01,0.03,0.02,0.02,0.02,0,0,0,1,1,1,1,1,0,1,1,1,1,1,1,1,1,1,1,1,0,1,1,0,1,1,0,1,1,1,1,1,1,0,1,1,1,1,1,1,1,0,1,1,1,0,1,1,0,1,1
182,ss,a,0.04,0.02,0.04,0.05,0.01,0.03,0.04,0.03,0.02,0,0,0,1,0,1,1,0,0,1,1,1,1,1,1,0,1,1,1,1,1,1,1,0,1,1,0,0,1,0,1,1,0,0,1,1,1,0,1,1,0,1,1,0,1,1,0,1,0,1,1
183,ss,a,0.04,0.03,0.04,0.05,0.01,0.03,0.04,0.02,0.03,0,0,0,1,0,1,1,1,0,1,1,1,1,1,1,0,1,1,1,1,1,1,1,0,0,1,0,0,1,0,1,1,1,0,1,1,1,1,1,1,0,1,1,1,0,0,0,1,0,0,1
184,ss,a,0.04,0.03,0.03,0.07,0.01,0.02,0.04,0.04,0.02,0,0,0,0,0,1,0,0,1,1,1,1,1,1,1,0,1,1,0,1,0,1,1,0,0,1,1,1,0,0,1,0,0,1,1,1,1,1,1,1,0,1,1,1,1,1,1,1,0,0,1
185,ss,a,0.04,0.03,0.04,0,0.01,0.01,0.04,0.01,0.01,0,0,0,1,0,1,1,0,1,1,1,1,0,0,0,1,1,1,1,1,0,0,1,1,1,1,1,1,1,0,1,1,0,0,1,1,1,0,0,0,1,1,0,1,1,1,0,1,1,1,1
186,ss,a,0.04,0.03,0.04,0,0.02,0.03,0.04,0.04,0.02,0,0,1,1,1,1,0,1,0,1,1,1,0,1,1,0,1,1,0,0,1,0,1,0,1,1,1,1,1,1,1,0,1,0,1,1,1,0,1,1,1,1,0,1,0,1,0,1,0,1,1
187,ss,a,0.04,0.03,0.03,0.07,0.01,0.03,0.02,0.03,0.02,0,0,1,0,0,1,0,1,1,1,1,1,1,0,1,1,1,1,1,1,1,1,0,0,0,1,0,1,0,0,1,0,1,1,1,1,1,1,0,1,1,1,1,1,1,1,1,0,0,0,1
188,ss,a,0.04,0.02,0.04,0.05,0.01,0.03,0.04,0.03,0.02,0,1,0,0,1,1,0,1,0,1,0,1,1,1,1,1,1,0,1,1,1,1,1,1,1,1,1,1,0,1,1,0,1,0,1,1,1,0,1,0,1,1,0,1,1,1,1,1,1,1,1
189,ss,a,0.04,0.03,0.03,0.05,0.01,0.02,0.04,0.03,0.02,0,0,0,1,0,1,1,1,1,1,1,0,1,1,0,0,1,1,1,1,1,0,1,0,1,1,0,1,1,0,1,1,1,1,1,1,0,1,1,0,0,1,1,1,1,1,0,1,0,1,1
190,ss,a,0.04,0.02,0.02,0.06,0.04,0.04,0.04,0.03,0.03,0,1,1,1,1,1,0,1,0,1,1,1,1,1,1,0,1,1,1,1,1,1,1,0,0,1,1,1,1,1,1,0,1,0,1,1,1,1,1,1,0,1,1,1,1,1,1,1,0,0,1
191,ss,a,0.04,0.03,0.04,0.05,0.02,0.04,0.03,0.04,0.03,0,0,1,0,1,1,0,1,0,1,1,1,1,0,0,1,1,1,1,1,1,1,1,0,1,1,0,1,1,1,1,0,1,0,1,1,1,1,0,0,1,1,1,1,1,1,1,1,1,1,1
192,ss,a,0.04,0.03,0.02,0,0.01,0.01,0.02,0.01,0.01,0,0,1,1,1,1,1,1,0,1,1,1,1,0,1,1,1,1,1,1,1,1,1,0,1,1,0,1,1,1,1,1,1,0,1,1,1,1,0,1,1,1,1,1,1,1,1,1,1,1,1
193,ss,a,0.04,0.02,0.03,0.07,0.02,0.04,0.04,0.03,0.02,0,1,1,1,1,1,1,0,1,1,1,1,1,1,1,1,1,1,1,1,1,0,1,0,1,1,1,1,1,1,1,1,0,1,1,1,1,1,1,1,1,1,1,1,1,1,0,1,0,1,1
194,ss,a,0.04,0.03,0.04,0.07,0.02,0.02,0.04,0.03,0.01,0,1,1,1,0,1,1,1,1,1,1,1,1,1,1,1,1,1,1,1,1,1,1,0,1,1,1,0,1,0,1,1,1,1,1,1,1,1,1,1,1,1,1,1,1,0,1,1,0,1,1
195,ss,a,0.04,0.02,0.04,0.06,0.02,0.04,0.02,0.04,0.02,0,0,1,1,0,1,0,1,0,1,1,1,1,1,1,1,1,1,0,0,0,0,1,0,1,1,1,1,1,0,1,0,1,0,1,1,1,1,0,1,1,1,1,1,0,1,0,1,0,1,1
196,ss,a,0.04,0.02,0.04,0.04,0.01,0.04,0.04,0.04,0.01,0,0,1,0,0,1,0,1,0,1,0,1,0,0,0,0,1,0,0,0,1,0,1,0,1,1,0,1,1,0,1,0,1,0,1,0,0,0,0,0,0,1,0,1,1,0,0,1,1,0,1
197,ss,a,0.04,0.01,0.05,0.04,0.01,0.04,0.01,0.04,0.03,0,0,1,1,0,1,0,0,1,1,1,1,0,0,0,1,0,0,1,1,1,1,1,0,0,1,1,0,0,0,1,0,0,1,1,1,1,0,0,0,1,0,1,1,1,0,1,1,0,1,1
198,ss,a,0.04,0.02,0.04,0.05,0.02,0.04,0.03,0.03,0.02,0,1,1,0,0,1,1,0,1,1,0,0,1,1,1,1,1,1,0,1,1,1,1,0,0,1,1,1,0,0,1,1,0,1,1,1,0,1,1,1,1,1,1,1,0,1,1,1,0,1,1
199,ss,a,0.04,0.03,0.02,0,0.01,0.03,0.04,0.03,0.03,0,1,1,1,1,1,1,1,1,1,1,1,1,0,1,1,1,1,1,1,1,1,1,1,0,1,0,1,1,1,1,1,1,1,1,1,1,1,1,1,1,1,1,1,1,0,1,1,1,0,1
200,ss,a,0.04,0.02,0.04,0,0.01,0.04,0.03,0.03,0.02,0,1,1,1,0,1,1,1,1,0,1,1,1,1,1,1,1,1,0,1,1,1,1,1,0,1,1,1,1,0,1,1,1,0,1,1,0,1,1,0,1,1,1,1,1,0,1,1,0,1,1
201,ss,a,0.04,0.03,0.04,0.06,0.02,0.03,0.04,0.03,0.03,0,0,0,1,1,1,1,1,0,1,0,0,0,1,0,1,1,1,1,1,1,0,1,0,0,0,1,1,1,1,1,1,1,0,1,0,1,0,0,0,1,1,0,0,1,0,0,1,0,0,0
202,ss,a,0.04,0.03,0.03,0.06,0.02,0.04,0.03,0.03,0.02,0,0,1,1,1,1,1,1,1,1,1,1,1,1,1,1,1,1,1,1,1,1,1,1,1,1,1,1,1,0,1,1,1,1,1,1,1,1,1,1,1,1,1,1,1,1,1,1,1,1,1
203,ss,a,0.04,0.02,0.04,0.07,0.01,0.02,0.01,0.02,0.02,0,1,1,1,1,1,1,1,1,1,1,1,1,1,1,1,1,0,1,1,1,1,1,0,1,1,0,1,1,1,1,1,1,1,1,1,1,1,1,1,1,0,0,1,1,1,1,1,0,1,1
204,ss,a,0.04,0.02,0.04,0.06,0.01,0.04,0.02,0.03,0.03,0,0,1,0,1,1,1,0,1,1,1,1,1,1,1,1,1,0,1,0,1,1,1,0,0,1,1,1,1,1,1,0,0,1,1,1,1,1,1,0,1,1,0,1,1,0,0,1,0,0,1
205,ss,a,0.04,0.02,0.04,0.05,0.02,0.04,0.04,0.03,0.03,0,1,1,1,1,1,0,1,0,1,1,0,1,1,1,0,1,0,0,0,1,1,1,0,0,1,0,1,1,1,1,0,1,0,1,1,0,1,1,0,0,1,1,1,1,1,1,1,0,1,1
206,ss,a,0.04,0.02,0.04,0.05,0.01,0.03,0.04,0.03,0.02,0,1,1,1,1,1,1,1,0,1,1,1,1,1,1,1,0,1,1,1,1,1,1,1,1,1,1,1,1,1,1,1,1,0,1,1,1,1,1,1,1,0,1,1,1,1,1,1,1,1,1
207,ss,a,0.04,0.02,0.04,0.05,0.01,0.04,0.04,0.04,0.02,0,1,1,1,0,1,0,1,0,1,0,1,0,0,1,0,1,1,1,0,0,0,1,0,0,1,0,1,1,0,1,1,0,0,1,0,0,0,0,0,0,1,1,1,0,0,0,1,0,0,1
208,ss,a,0.04,0.02,0.04,0.05,0.02,0.04,0.04,0.04,0.04,0,0,1,0,1,1,0,1,1,1,1,0,1,1,1,0,1,1,0,1,1,1,1,0,0,1,0,1,0,1,1,0,1,1,1,1,0,1,0,1,0,1,1,1,0,1,1,1,0,1,1
209,ss,a,0.04,0.02,0.04,0.05,0.01,0.04,0.05,0.03,0.03,0,0,1,1,0,1,1,0,1,1,1,0,0,1,1,1,1,0,1,1,1,0,1,0,0,1,1,1,1,1,1,1,0,1,1,1,1,0,0,1,1,1,1,1,1,1,0,1,0,0,1
210,ss,a,0.05,0.02,0.02,0.08,0.02,0.04,0.04,0.03,0.04,0,1,1,1,0,1,1,1,0,1,1,1,1,0,1,1,1,1,1,1,1,1,1,0,1,1,1,0,1,0,1,1,1,0,1,1,1,1,0,1,1,1,1,1,1,1,1,1,0,1,1
211,ss,a,0.05,0.02,0.04,0.05,0.01,0.04,0.04,0.03,0.02,0,0,1,1,0,1,0,0,0,1,1,1,0,0,1,0,1,1,1,1,1,0,1,0,1,1,1,1,1,1,1,0,1,1,1,1,1,0,0,0,0,1,1,1,0,0,0,1,0,1,1
212,ss,a,0.05,0.03,0.04,0.05,0.01,0.03,0.03,0.03,0.03,0,0,1,0,0,1,1,1,1,1,1,1,1,1,0,1,0,1,0,0,1,1,1,0,1,1,0,1,1,0,1,0,1,1,1,1,1,1,1,0,0,0,1,1,0,1,1,1,0,1,0
213,ss,a,0.05,0.02,0.03,0.06,0.03,0.04,0.04,0.04,0.03,0,1,1,0,0,1,1,1,1,1,1,1,1,1,1,1,0,0,1,0,1,0,1,0,1,1,1,0,0,0,1,1,1,1,1,1,1,1,1,1,1,0,0,1,1,0,0,1,1,1,1
214,ss,a,0.05,0.03,0.05,0.06,0.03,0.02,0.03,0.01,0.01,0,1,1,1,1,0,0,1,1,1,1,1,0,1,1,1,1,1,1,1,1,1,1,0,1,1,1,1,1,1,0,0,1,1,1,1,1,0,1,1,1,1,1,1,1,1,1,1,0,1,1
215,ss,a,0.05,0.02,0.03,0.06,0.01,0.03,0.04,0.03,0.02,0,0,1,0,1,1,0,1,1,1,1,1,1,1,1,0,1,0,1,1,1,1,1,1,1,1,0,1,1,1,1,0,1,0,1,0,1,1,1,1,0,1,0,1,1,0,1,1,1,1,1
216,ss,a,0.05,0.03,0.02,0.06,0.02,0.02,0.03,0.02,0.02,0,1,1,0,0,1,1,0,0,1,1,1,1,0,1,0,1,1,1,1,0,1,1,0,0,1,0,1,1,0,1,1,0,0,1,1,1,1,0,1,0,1,1,1,1,1,1,1,0,1,1
217,ss,a,,,,,,,,,,,,,,,,,,,,,,,,,,,,,,,,,,,,,,,,,,,,,,,,,,,,,,,,,,,,
218,ss,b,,,,,,,,,,,,,,,,,,,,,,,,,,,,,,,,,,,,,,,,,,,,,,,,,,,,,,,,,,,,
219,ss,a,,,,,,,,,,,,,,,,,,,,,,,,,,,,,,,,,,,,,,,,,,,,,,,,,,,,,,,,,,,,
220,ss,a,,,,,,,,,,,,,,,,,,,,,,,,,,,,,,,,,,,,,,,,,,,,,,,,,,,,,,,,,,,,
221,ss,a,,,,,,,,,,,,,,,,,,,,,,,,,,,,,,,,,,,,,,,,,,,,,,,,,,,,,,,,,,,,
222,ss,a,,,,,,,,,,,,,,,,,,,,,,,,,,,,,,,,,,,,,,,,,,,,,,,,,,,,,,,,,,,,
223,ss,a,,,,,,,,,,,,,,,,,,,,,,,,,,,,,,,,,,,,,,,,,,,,,,,,,,,,,,,,,,,,
224,ss,a,,,,,,,,,,,,,,,,,,,,,,,,,,,,,,,,,,,,,,,,,,,,,,,,,,,,,,,,,,,,
225,ss,a,,,,,,,,,,,,,,,,,,,,,,,,,,,,,,,,,,,,,,,,,,,,,,,,,,,,,,,,,,,,
226,ss,b,,,,,,,,,,,,,,,,,,,,,,,,,,,,,,,,,,,,,,,,,,,,,,,,,,,,,,,,,,,,
227,ss,b,,,,,,,,,,,,,,,,,,,,,,,,,,,,,,,,,,,,,,,,,,,,,,,,,,,,,,,,,,,,
228,ss,b,,,,,,,,,,,,,,,,,,,,,,,,,,,,,,,,,,,,,,,,,,,,,,,,,,,,,,,,,,,,
229,ss,b,,,,,,,,,,,,,,,,,,,,,,,,,,,,,,,,,,,,,,,,,,,,,,,,,,,,,,,,,,,,
230,ss,a,,,,,,,,,,,,,,,,,,,,,,,,,,,,,,,,,,,,,,,,,,,,,,,,,,,,,,,,,,,,
231,ss,b,,,,,,,,,,,,,,,,,,,,,,,,,,,,,,,,,,,,,,,,,,,,,,,,,,,,,,,,,,,,
232,ss,a,,,,,,,,,,,,,,,,,,,,,,,,,,,,,,,,,,,,,,,,,,,,,,,,,,,,,,,,,,,,
233,ss,b,,,,,,,,,,,,,,,,,,,,,,,,,,,,,,,,,,,,,,,,,,,,,,,,,,,,,,,,,,,,
234,ss,b,,,,,,,,,,,,,,,,,,,,,,,,,,,,,,,,,,,,,,,,,,,,,,,,,,,,,,,,,,,,
235,ss,b,,,,,,,,,,,,,,,,,,,,,,,,,,,,,,,,,,,,,,,,,,,,,,,,,,,,,,,,,,,,
236,ss,b,,,,,,,,,,,,,,,,,,,,,,,,,,,,,,,,,,,,,,,,,,,,,,,,,,,,,,,,,,,,
237,ss,a,,,,,,,,,,,,,,,,,,,,,,,,,,,,,,,,,,,,,,,,,,,,,,,,,,,,,,,,,,,,
238,ss,a,,,,,,,,,,,,,,,,,,,,,,,,,,,,,,,,,,,,,,,,,,,,,,,,,,,,,,,,,,,,
239,ss,a,,,,,,,,,,,,,,,,,,,,,,,,,,,,,,,,,,,,,,,,,,,,,,,,,,,,,,,,,,,,
240,ss,a,,,,,,,,,,,,,,,,,,,,,,,,,,,,,,,,,,,,,,,,,,,,,,,,,,,,,,,,,,,,
241,ss,a,,,,,,,,,,,,,,,,,,,,,,,,,,,,,,,,,,,,,,,,,,,,,,,,,,,,,,,,,,,,
242,ss,b,,,,,,,,,,,,,,,,,,,,,,,,,,,,,,,,,,,,,,,,,,,,,,,,,,,,,,,,,,,,
243,ss,b,,,,,,,,,,,,,,,,,,,,,,,,,,,,,,,,,,,,,,,,,,,,,,,,,,,,,,,,,,,,
244,ss,a,,,,,,,,,,,,,,,,,,,,,,,,,,,,,,,,,,,,,,,,,,,,,,,,,,,,,,,,,,,,
245,ss,b,,,,,,,,,,,,,,,,,,,,,,,,,,,,,,,,,,,,,,,,,,,,,,,,,,,,,,,,,,,,
246,ss,b,,,,,,,,,,,,,,,,,,,,,,,,,,,,,,,,,,,,,,,,,,,,,,,,,,,,,,,,,,,,
247,ss,b,,,,,,,,,,,,,,,,,,,,,,,,,,,,,,,,,,,,,,,,,,,,,,,,,,,,,,,,,,,,
248,ss,b,,,,,,,,,,,,,,,,,,,,,,,,,,,,,,,,,,,,,,,,,,,,,,,,,,,,,,,,,,,,
249,ss,a,,,,,,,,,,,,,,,,,,,,,,,,,,,,,,,,,,,,,,,,,,,,,,,,,,,,,,,,,,,,
250,ss,b,,,,,,,,,,,,,,,,,,,,,,,,,,,,,,,,,,,,,,,,,,,,,,,,,,,,,,,,,,,,
251,ss,b,,,,,,,,,,,,,,,,,,,,,,,,,,,,,,,,,,,,,,,,,,,,,,,,,,,,,,,,,,,,
252,ss,a,,,,,,,,,,,,,,,,,,,,,,,,,,,,,,,,,,,,,,,,,,,,,,,,,,,,,,,,,,,,
253,ss,b,,,,,,,,,,,,,,,,,,,,,,,,,,,,,,,,,,,,,,,,,,,,,,,,,,,,,,,,,,,,
254,ss,b,,,,,,,,,,,,,,,,,,,,,,,,,,,,,,,,,,,,,,,,,,,,,,,,,,,,,,,,,,,,
255,ss,b,,,,,,,,,,,,,,,,,,,,,,,,,,,,,,,,,,,,,,,,,,,,,,,,,,,,,,,,,,,,
256,ss,b,,,,,,,,,,,,,,,,,,,,,,,,,,,,,,,,,,,,,,,,,,,,,,,,,,,,,,,,,,,,
257,ss,a,,,,,,,,,,,,,,,,,,,,,,,,,,,,,,,,,,,,,,,,,,,,,,,,,,,,,,,,,,,,
258,ss,b,,,,,,,,,,,,,,,,,,,,,,,,,,,,,,,,,,,,,,,,,,,,,,,,,,,,,,,,,,,,
259,ss,b,,,,,,,,,,,,,,,,,,,,,,,,,,,,,,,,,,,,,,,,,,,,,,,,,,,,,,,,,,,,
260,ss,b,,,,,,,,,,,,,,,,,,,,,,,,,,,,,,,,,,,,,,,,,,,,,,,,,,,,,,,,,,,,
261,ss,b,,,,,,,,,,,,,,,,,,,,,,,,,,,,,,,,,,,,,,,,,,,,,,,,,,,,,,,,,,,,
262,ss,b,,,,,,,,,,,,,,,,,,,,,,,,,,,,,,,,,,,,,,,,,,,,,,,,,,,,,,,,,,,,
263,ss,b,,,,,,,,,,,,,,,,,,,,,,,,,,,,,,,,,,,,,,,,,,,,,,,,,,,,,,,,,,,,
264,ss,b,,,,,,,,,,,,,,,,,,,,,,,,,,,,,,,,,,,,,,,,,,,,,,,,,,,,,,,,,,,,
265,ss,b,,,,,,,,,,,,,,,,,,,,,,,,,,,,,,,,,,,,,,,,,,,,,,,,,,,,,,,,,,,,
266,ss,a,,,,,,,,,,,,,,,,,,,,,,,,,,,,,,,,,,,,,,,,,,,,,,,,,,,,,,,,,,,,
267,ss,a,,,,,,,,,,,,,,,,,,,,,,,,,,,,,,,,,,,,,,,,,,,,,,,,,,,,,,,,,,,,
268,ss,b,,,,,,,,,,,,,,,,,,,,,,,,,,,,,,,,,,,,,,,,,,,,,,,,,,,,,,,,,,,,
269,ss,b,,,,,,,,,,,,,,,,,,,,,,,,,,,,,,,,,,,,,,,,,,,,,,,,,,,,,,,,,,,,
270,ss,a,,,,,,,,,,,,,,,,,,,,,,,,,,,,,,,,,,,,,,,,,,,,,,,,,,,,,,,,,,,,
271,ss,a,,,,,,,,,,,,,,,,,,,,,,,,,,,,,,,,,,,,,,,,,,,,,,,,,,,,,,,,,,,,
272,ss,a,,,,,,,,,,,,,,,,,,,,,,,,,,,,,,,,,,,,,,,,,,,,,,,,,,,,,,,,,,,,
273,ss,a,,,,,,,,,,,,,,,,,,,,,,,,,,,,,,,,,,,,,,,,,,,,,,,,,,,,,,,,,,,,
274,ss,b,,,,,,,,,,,,,,,,,,,,,,,,,,,,,,,,,,,,,,,,,,,,,,,,,,,,,,,,,,,,
275,ss,b,,,,,,,,,,,,,,,,,,,,,,,,,,,,,,,,,,,,,,,,,,,,,,,,,,,,,,,,,,,,
276,ss,b,,,,,,,,,,,,,,,,,,,,,,,,,,,,,,,,,,,,,,,,,,,,,,,,,,,,,,,,,,,,
277,ss,b,,,,,,,,,,,,,,,,,,,,,,,,,,,,,,,,,,,,,,,,,,,,,,,,,,,,,,,,,,,,
278,ss,b,,,,,,,,,,,,,,,,,,,,,,,,,,,,,,,,,,,,,,,,,,,,,,,,,,,,,,,,,,,,
279,ss,b,,,,,,,,,,,,,,,,,,,,,,,,,,,,,,,,,,,,,,,,,,,,,,,,,,,,,,,,,,,,
280,ss,a,,,,,,,,,,,,,,,,,,,,,,,,,,,,,,,,,,,,,,,,,,,,,,,,,,,,,,,,,,,,
281,ss,b,,,,,,,,,,,,,,,,,,,,,,,,,,,,,,,,,,,,,,,,,,,,,,,,,,,,,,,,,,,,
282,ss,a,,,,,,,,,,,,,,,,,,,,,,,,,,,,,,,,,,,,,,,,,,,,,,,,,,,,,,,,,,,,
283,ss,b,,,,,,,,,,,,,,,,,,,,,,,,,,,,,,,,,,,,,,,,,,,,,,,,,,,,,,,,,,,,
284,ss,a,,,,,,,,,,,,,,,,,,,,,,,,,,,,,,,,,,,,,,,,,,,,,,,,,,,,,,,,,,,,
285,ss,b,,,,,,,,,,,,,,,,,,,,,,,,,,,,,,,,,,,,,,,,,,,,,,,,,,,,,,,,,,,,
286,ss,b,,,,,,,,,,,,,,,,,,,,,,,,,,,,,,,,,,,,,,,,,,,,,,,,,,,,,,,,,,,,
287,ss,a,,,,,,,,,,,,,,,,,,,,,,,,,,,,,,,,,,,,,,,,,,,,,,,,,,,,,,,,,,,,
288,ss,a,,,,,,,,,,,,,,,,,,,,,,,,,,,,,,,,,,,,,,,,,,,,,,,,,,,,,,,,,,,,
289,ss,a,,,,,,,,,,,,,,,,,,,,,,,,,,,,,,,,,,,,,,,,,,,,,,,,,,,,,,,,,,,,
290,ss,a,,,,,,,,,,,,,,,,,,,,,,,,,,,,,,,,,,,,,,,,,,,,,,,,,,,,,,,,,,,,
291,ss,a,,,,,,,,,,,,,,,,,,,,,,,,,,,,,,,,,,,,,,,,,,,,,,,,,,,,,,,,,,,,
292,ss,a,,,,,,,,,,,,,,,,,,,,,,,,,,,,,,,,,,,,,,,,,,,,,,,,,,,,,,,,,,,,
293,ss,b,,,,,,,,,,,,,,,,,,,,,,,,,,,,,,,,,,,,,,,,,,,,,,,,,,,,,,,,,,,,
294,ss,b,,,,,,,,,,,,,,,,,,,,,,,,,,,,,,,,,,,,,,,,,,,,,,,,,,,,,,,,,,,,
295,ss,b,,,,,,,,,,,,,,,,,,,,,,,,,,,,,,,,,,,,,,,,,,,,,,,,,,,,,,,,,,,,
296,ss,a,,,,,,,,,,,,,,,,,,,,,,,,,,,,,,,,,,,,,,,,,,,,,,,,,,,,,,,,,,,,
297,ss,b,,,,,,,,,,,,,,,,,,,,,,,,,,,,,,,,,,,,,,,,,,,,,,,,,,,,,,,,,,,,
298,ss,b,,,,,,,,,,,,,,,,,,,,,,,,,,,,,,,,,,,,,,,,,,,,,,,,,,,,,,,,,,,,
299,ss,b,,,,,,,,,,,,,,,,,,,,,,,,,,,,,,,,,,,,,,,,,,,,,,,,,,,,,,,,,,,,
300,ss,a,,,,,,,,,,,,,,,,,,,,,,,,,,,,,,,,,,,,,,,,,,,,,,,,,,,,,,,,,,,,
301,ss,a,,,,,,,,,,,,,,,,,,,,,,,,,,,,,,,,,,,,,,,,,,,,,,,,,,,,,,,,,,,,
302,ss,a,,,,,,,,,,,,,,,,,,,,,,,,,,,,,,,,,,,,,,,,,,,,,,,,,,,,,,,,,,,,
303,ss,b,,,,,,,,,,,,,,,,,,,,,,,,,,,,,,,,,,,,,,,,,,,,,,,,,,,,,,,,,,,,
304,ss,b,,,,,,,,,,,,,,,,,,,,,,,,,,,,,,,,,,,,,,,,,,,,,,,,,,,,,,,,,,,,
305,ss,a,,,,,,,,,,,,,,,,,,,,,,,,,,,,,,,,,,,,,,,,,,,,,,,,,,,,,,,,,,,,
306,ss,a,,,,,,,,,,,,,,,,,,,,,,,,,,,,,,,,,,,,,,,,,,,,,,,,,,,,,,,,,,,,
307,ss,a,,,,,,,,,,,,,,,,,,,,,,,,,,,,,,,,,,,,,,,,,,,,,,,,,,,,,,,,,,,,
